sku;Img
S27030017;https://slava.su/image/catalog/Versus/S27030017.jpg
S27050017;https://slava.su/image/catalog/Versus/S27050017.jpg
S28010017;https://slava.su/image/catalog/LDuchen/FotoDvk/3/103169604-s28010017-sn.jpg
S75010017;https://slava.su/image/catalog/Versus/S75010017.jpg
S79020017;https://slava.su/image/catalog/Versus/S79020017.jpg
S79040017;https://slava.su/image/catalog/Versus/S79040017.jpg
SCI200017;https://slava.su/image/catalog/Versus/SCI200017.jpg
SCI230017;https://slava.su/image/catalog/Versus/SCI230017.jpg
SCI240017;https://slava.su/image/catalog/Versus/SCI240017.jpg
SCI250017;https://slava.su/image/catalog/Versus/SCI250017.jpg
SCI260017;https://slava.su/image/catalog/Versus/SCI260017.jpg
SOQ040015;https://slava.su/image/catalog/Versus/SOQ040015.jpg
SOQ050015;https://slava.su/image/catalog/Versus/SOQ050015.jpg
SOQ090016;https://slava.su/image/catalog/Versus/SOQ090016.jpg
VSP331018;https://slava.su/image/catalog/Versace/VSP331018.jpg
VSP331318;https://slava.su/image/catalog/Versace/VSP331318.jpg
VSP331518;https://slava.su/image/catalog/Versace/VSP331518.jpg
VSP331618;https://slava.su/image/catalog/Versace/VSP331618.jpg
VSP331718;https://slava.su/image/catalog/Versace/VSP331718.jpg
VSP331818;https://slava.su/image/catalog/Versace/VSP331818.jpg
VSP331918;https://slava.su/image/catalog/Versace/VSP331918.jpg
VSP410218;https://slava.su/image/catalog/Versace/VSP410218.jpg
VSP410318;https://slava.su/image/catalog/Versace/VSP410318.jpg
VSP410418;https://slava.su/image/catalog/Rasprodaja/VSP410418.jpg
VSP410518;https://slava.su/image/catalog/Versace/VSP410518.jpg
VSP410618;https://slava.su/image/catalog/Versace/VSP410618.jpg
VSP460118;https://slava.su/image/catalog/Versace/VSP460118.jpg
VSP460218;https://slava.su/image/catalog/Versace/VSP460218.jpg
VSP460318;https://slava.su/image/catalog/Versace/VSP460318.jpg
VSP480118;https://slava.su/image/catalog/Versace/VSP480118.jpg
VSP480218;https://slava.su/image/catalog/Versace/VSP480218.jpg
VSP480318;https://slava.su/image/catalog/Versace/VSP480318.jpg
VSP480418;https://slava.su/image/catalog/Versace/VSP480418.jpg
VSP480518;https://slava.su/image/catalog/Versace/VSP480518.jpg
VSP480618;https://slava.su/image/catalog/Versace/VSP480618.jpg
VSP480718;https://slava.su/image/catalog/Versace/VSP480718.jpg
VSP490118;https://slava.su/image/catalog/Versace/VSP490118.jpg
VSP490218;https://slava.su/image/catalog/LDuchen/FotoDvk/0/341707104-vsp490218-sn.jpg
VSP490318;https://slava.su/image/catalog/Versace/VSP490318.jpg
VSP490418;https://slava.su/image/catalog/Versace/VSP490418.jpg
VSP490518;https://slava.su/image/catalog/Versace/VSP490518.jpg
VSP490618;https://slava.su/image/catalog/Versace/VSP490618.jpg
VSP490718;https://slava.su/image/catalog/Versace/VSP490718.jpg
VSP510118;https://slava.su/image/catalog/Versace/VSP510118.jpg
VSP510218;https://slava.su/image/catalog/Versace/VSP510218.jpg
VSP510518;https://slava.su/image/catalog/Versace/VSP510518.jpg
VSP510618;https://slava.su/image/catalog/Versace/VSP510618.jpg
VSP510818;https://slava.su/image/catalog/Versace/VSP510818.jpg
VSP520118;https://slava.su/image/catalog/Versus/VSP520118.jpg
VSP520218;https://slava.su/image/catalog/Versus/VSP520218.jpg
VSP520418;https://slava.su/image/catalog/Versus/VSP520418.jpg
VSP560118;https://slava.su/image/catalog/Versus/VSP560118.jpg
VSP560318;https://slava.su/image/catalog/Versus/VSP560318.jpg
VSP560418;https://slava.su/image/catalog/Versus/VSP560418.jpg
VSP560618;https://slava.su/image/catalog/Versus/VSP560618.jpg
VSP560918;https://slava.su/image/catalog/Versus/VSP560918.jpg
VSP561218;https://slava.su/image/catalog/Versus/VSP561218.jpg
VSP561318;https://slava.su/image/catalog/Versus/VSP561318.jpg
VSP561518;https://slava.su/image/catalog/Versus/VSP561518.jpg
VSP772118;https://slava.su/image/catalog/Versus/VSP772118.jpg
VSP772218;https://slava.su/image/catalog/Versus/VSP772218.jpg
VSP772418;https://slava.su/image/catalog/Versus/VSP772418.jpg
VSP772518;https://slava.su/image/catalog/Versus/VSP772518.jpg
VSP772618;https://slava.su/image/catalog/Versus/VSP772618.jpg
VSP772718;https://slava.su/image/catalog/Versus/VSP772718.jpg
VSP773018;https://slava.su/image/catalog/Versus/VSP773018.jpg
VSP773218;https://slava.su/image/catalog/Versus/VSP773218.jpg
VSP773318;https://slava.su/image/catalog/Versus/VSP773318.jpg
VSP773818;https://slava.su/image/catalog/Versus/VSP773818.jpg
VSP791118;https://slava.su/image/catalog/Versus/VSP791118.jpg
VSP791218;https://slava.su/image/catalog/Versus/VSP791218.jpg
VSP791318;https://slava.su/image/catalog/Versus/VSP791318.jpg
VSP791418;https://slava.su/image/catalog/Versus/VSP791418.jpg
VSP791518;https://slava.su/image/catalog/Versus/VSP791518.jpg
VSP791618;https://slava.su/image/catalog/Versus/VSP791618.jpg
VSP791718;https://slava.su/image/catalog/Versus/VSP791718.jpg
VSP870218;https://slava.su/image/catalog/Versus/VSP870218.jpg
VSP870318;https://slava.su/image/catalog/Versus/VSP870318.jpg
VSP870518;https://slava.su/image/catalog/Versus/VSP870518.jpg
VSP870618;https://slava.su/image/catalog/Versus/VSP870618.jpg
VSP870718;https://slava.su/image/catalog/Versus/VSP870718.jpg
VSP870818;https://slava.su/image/catalog/Versus/VSP870818.jpg
VSP871018;https://slava.su/image/catalog/Versus/VSP871018.jpg
VSP871118;https://slava.su/image/catalog/Versus/VSP871118.jpg
VSP871218;https://slava.su/image/catalog/Versus/VSP871218.jpg
VSP880218;https://slava.su/image/catalog/Versus/VSP880218.jpg
VSP880618;https://slava.su/image/catalog/Versus/VSP880618.jpg
VSP890318;https://slava.su/image/catalog/Versus/VSP890318.jpg
VSP890618;https://slava.su/image/catalog/Versus/VSP890618.jpg
VSPBH1018;https://slava.su/image/catalog/Versus/VSPBH1018.jpg
VSPBH1318;https://slava.su/image/catalog/Versus/VSPBH1318.jpg
VSPBU0118;https://slava.su/image/catalog/Versus/VSPBU0118.jpg
VSPBU0218;https://slava.su/image/catalog/Versus/VSPBU0218.jpg
VSPBU0318;https://slava.su/image/catalog/Versus/VSPBU0318.jpg
VSPBU0418;https://slava.su/image/catalog/Versus/VSPBU0418.jpg
VSPBU0518;https://slava.su/image/catalog/Versus/VSPBU0518.jpg
VSPBU0618;https://slava.su/image/catalog/Versus/VSPBU0618.jpg
VSPBU0718;https://slava.su/image/catalog/Versus/VSPBU0718.jpg
VSPBU0818;https://slava.su/image/catalog/Versus/VSPBU0818.jpg
VSPBU0918;https://slava.su/image/catalog/Versus/VSPBU0918.jpg
VSPBU1018;https://slava.su/image/catalog/Versus/VSPBU1018.jpg
VSPBU1118;https://slava.su/image/catalog/Versus/VSPBU1118.jpg
VSPBU1218;https://slava.su/image/catalog/Versus/VSPBU1218.jpg
VSPCA1018;https://slava.su/image/catalog/Versus/VSPCA1018.jpg
VSPCD2217;https://slava.su/image/catalog/Versus/VSPCD2217.jpg
VSPCD2517;https://slava.su/image/catalog/Versus/VSPCD2517.jpg
VSPCD2817;https://slava.su/image/catalog/Versus/VSPCD2817.jpg
VSPCI3517;https://slava.su/image/catalog/Versus/VSPCI3517.jpg
VSPCI3817;https://slava.su/image/catalog/Versus/VSPCI3817.jpg
VSPLH1019;https://slava.su/image/catalog/Versus/VSPLH1019.jpg
VSPLH1219;https://slava.su/image/catalog/Versus/VSPLH1219.jpg
VSPLH1319;https://slava.su/image/catalog/Versus/VSPLH1319.jpg
VSPLH1419;https://slava.su/image/catalog/Versus/VSPLH1419.jpg
VSPLH1619;https://slava.su/image/catalog/Versus/VSPLH1619.jpg
VSPLH1719;https://slava.su/image/catalog/Versus/VSPLH1719.jpg
VSPOL3018;https://slava.su/image/catalog/Versus/VSPOL3018.jpg
VSPOL3118;https://slava.su/image/catalog/Versus/VSPOL3118.jpg
VSPOL3218;https://slava.su/image/catalog/Versus/VSPOL3218.jpg
VSPOL3318;https://slava.su/image/catalog/Versus/VSPOL3318.jpg
VSPOL3518;https://slava.su/image/catalog/Versus/VSPOL3518.jpg
VSPOQ2018;https://slava.su/image/catalog/Versus/VSPOQ2018.jpg
VSPOQ2118;https://slava.su/image/catalog/Versus/VSPOQ2118.jpg
VSPOQ2218;https://slava.su/image/catalog/Versus/VSPOQ2218.jpg
VSPOY2118;https://slava.su/image/catalog/Versus/VSPOY2118.jpg
VSPOY2218;https://slava.su/image/catalog/Versus/VSPOY2218.jpg
VSPOY2318;https://slava.su/image/catalog/Versus/VSPOY2318.jpg
VSPOY2418;https://slava.su/image/catalog/Versus/VSPOY2418.jpg
SCG06 0016;https://slava.su/image/catalog/sbornye/c-ru-upload-iblock-000-000bdcc946287eedb04c0e4a41d4cce2.jpg
SCG04 0016;https://slava.su/image/catalog/sbornye/c-ru-upload-iblock-0a7-0a747df2087ff7c54449799e77fa7dad.jpg
VSP1S0119;https://slava.su/image/catalog/foto/825548893-vsp1s0119-sn.jpg
VSP1S0619;https://slava.su/image/catalog/foto/988547601-vsp1s0619-sn.jpg
VSP1S1120;https://slava.su/image/catalog/LDuchen/FotoDvk/5/997778620-vsp1s1120-sn.jpg
VSP1S1420;https://slava.su/image/catalog/LDuchen/FotoDvk/8/627165274-vsp1s1420-sn.jpg
VSP1S1520;https://slava.su/image/catalog/LDuchen/FotoDvk/9/256164538-vsp1s1520-sn.jpg
VSP1S1620;https://slava.su/image/catalog/foto/214352069-vsp1s1620-sn.jpg
VSP1T0319;https://slava.su/image/catalog/foto/563015066-vsp1t0319-sn.jpg
VSP1T0619;https://slava.su/image/catalog/foto/339345219-vsp1t0619-sn.jpg
VSP1T0819;https://slava.su/image/catalog/foto/179866798-vsp1t0819-sn.jpg
VSP1T0919;https://slava.su/image/catalog/foto/107390684-vsp1t0919-sn.jpg
VSP1T1019;https://slava.su/image/catalog/LDuchen/FotoDvk/7/270481914-vsp1t1019-sn.jpg
VSP1U0119;https://slava.su/image/catalog/foto/79753286-vsp1u0119-sn.jpg
VSP1U0219;https://slava.su/image/catalog/foto/458577253-vsp1u0219-sn.jpg
VSP1U0319;https://slava.su/image/catalog/foto/841488023-vsp1u0319-sn.jpg
VSP1V0219;https://slava.su/image/catalog/foto/947405881-vsp1v0219-sn.jpg
VSP1V0319;https://slava.su/image/catalog/foto/769213149-vsp1v0319-sn.jpg
VSP1V0419;https://slava.su/image/catalog/foto/953741388-vsp1v0419-sn.jpg
VSP1V0919;https://slava.su/image/catalog/foto/809933918-vsp1v0919-sn.jpg
VSP1V1119;https://slava.su/image/catalog/foto/502263715-vsp1v1119-sn.jpg
VSP391020;https://slava.su/image/catalog/foto/30356205-vsp391020-sn.jpg
VSP391220;https://slava.su/image/catalog/foto/887398076-vsp391220-sn.jpg
VSP391320;https://slava.su/image/catalog/LDuchen/FotoDvk/7/191717396-vsp391320-sn.jpg
VSP391420;https://slava.su/image/catalog/foto/135233797-vsp391420-sn.jpg
VSP491319;https://slava.su/image/catalog/foto/53621069-vsp491319-sn.jpg
VSP491419;https://slava.su/image/catalog/foto/319307687-vsp491419-sn.jpg
VSP491519;https://slava.su/image/catalog/foto/44164200-vsp491519-sn.jpg
VSP641618;https://slava.su/image/catalog/LDuchen/FotoDvk/4/763844454-vsp641618-sn.jpg
VSP642418;https://slava.su/image/catalog/LDuchen/FotoDvk/8/509925562-vsp642418-sn.jpg
VSP642718;https://slava.su/image/catalog/foto/627654414-vsp642718-sn.jpg
VSPCD5418;https://slava.su/image/catalog/foto/351034237-vspcd5418-sn.jpg
VSPEN0119;https://slava.su/image/catalog/foto/528329989-vspen0119-sn.jpg
VSPEN0219;https://slava.su/image/catalog/foto/302887992-vspen0219-sn.jpg
VSPEN0719;https://slava.su/image/catalog/foto/839537823-vspen0719-sn.jpg
VSPEN0819;https://slava.su/image/catalog/foto/20048546-vspen0819-sn.jpg
VSPEN0919;https://slava.su/image/catalog/foto/60419496-vspen0919-sn.jpg
VSPEO0119;https://slava.su/image/catalog/LDuchen/FotoDvk/8/98226010-vspeo0119-sn.jpg
VSPEO0219;https://slava.su/image/catalog/LDuchen/FotoDvk/9/911915643-vspeo0219-sn.jpg
VSPEO0319;https://slava.su/image/catalog/foto/712485456-vspeo0319-sn.jpg
VSPEO0619;https://slava.su/image/catalog/foto/582267175-vspeo0619-sn.jpg
VSPEO0719;https://slava.su/image/catalog/foto/375140284-vspeo0719-sn.jpg
VSPEO0819;https://slava.su/image/catalog/foto/743568198-vspeo0819-sn.jpg
VSPEO0919;https://slava.su/image/catalog/foto/633473563-vspeo0919-sn.jpg
VSPEO1019;https://slava.su/image/catalog/foto/416951128-vspeo1019-sn.jpg
VSPEP0219;https://slava.su/image/catalog/foto/941922523-vspep0219-sn.jpg
VSPEP0319;https://slava.su/image/catalog/foto/556657860-vspep0319-sn.jpg
VSPEP0419;https://slava.su/image/catalog/foto/231331354-vspep0419-sn.jpg
VSPEQ0519;https://slava.su/image/catalog/LDuchen/FotoDvk/3/420616480-vspeq0519-sn.jpg
VSPEQ0619;https://slava.su/image/catalog/foto/739344067-vspeq0619-sn.jpg
VSPER0219;https://slava.su/image/catalog/foto/489748812-vsper0219-sn.jpg
VSPER0319;https://slava.su/image/catalog/LDuchen/FotoDvk/7/876710638-vsper0319-sn.jpg
VSPER0419;https://slava.su/image/catalog/foto/956915575-vsper0419-sn.jpg
VSPER0519;https://slava.su/image/catalog/foto/238787683-vsper0519-sn.jpg
VSPEU0119;https://slava.su/image/catalog/foto/721709730-vspeu0119-sn.jpg
VSPEU0419;https://slava.su/image/catalog/LDuchen/FotoDvk/5/286676733-vspeu0419-sn.jpg
VSPEU0519;https://slava.su/image/catalog/foto/918011199-vspeu0519-sn.jpg
VSPEU0719;https://slava.su/image/catalog/foto/832438580-vspeu0719-sn.jpg
VSPHF0120;https://slava.su/image/catalog/LDuchen/FotoDvk/6/400138558-vsphf0120-sn.jpg
VSPHF0220;https://slava.su/image/catalog/LDuchen/FotoDvk/7/146240438-vsphf0220-sn.jpg
VSPHF0320;https://slava.su/image/catalog/foto/694161961-vsphf0320-sn.jpg
VSPHF0420;https://slava.su/image/catalog/LDuchen/FotoDvk/9/573202578-vsphf0420-sn.jpg
VSPHF0520;https://slava.su/image/catalog/foto/52611480-vsphf0520-sn.jpg
VSPHF0820;https://slava.su/image/catalog/foto/208151264-vsphf0820-sn.jpg
VSPHF0920;https://slava.su/image/catalog/foto/635510894-vsphf0920-sn.jpg
VSPHF1020;https://slava.su/image/catalog/foto/253263054-vsphf1020-sn.jpg
VSPHF1120;https://slava.su/image/catalog/foto/677174850-vsphf1120-sn.jpg
VSPHF1220;https://slava.su/image/catalog/foto/843459891-vsphf1220-sn.jpg
VSPHF1320;https://slava.su/image/catalog/foto/64758123-vsphf1320-sn.jpg
VSPHH0120;https://slava.su/image/catalog/LDuchen/FotoDvk/3/157538284-vsphh0120-sn.jpg
VSPHH0220;https://slava.su/image/catalog/foto/794528876-vsphh0220-sn.jpg
VSPHH0320;https://slava.su/image/catalog/foto/382836379-vsphh0320-sn.jpg
VSPHH0420;https://slava.su/image/catalog/foto/97982113-vsphh0420-sn.jpg
VSPHH0520;https://slava.su/image/catalog/LDuchen/FotoDvk/7/118027343-vsphh0520-sn.jpg
VSPHH0620;https://slava.su/image/catalog/foto/511561599-vsphh0620-sn.jpg
VSPHH0720;https://slava.su/image/catalog/LDuchen/FotoDvk/9/180625637-vsphh0720-sn.jpg
VSPHH0920;https://slava.su/image/catalog/foto/575138058-vsphh0920-sn.jpg
VSPHI0120;https://slava.su/image/catalog/foto/891580634-vsphi0120-sn.jpg
VSPHI0420;https://slava.su/image/catalog/foto/602532987-vsphi0420-sn.jpg
VSPHI0520;https://slava.su/image/catalog/foto/422103140-vsphi0520-sn.jpg
VSPHI0720;https://slava.su/image/catalog/LDuchen/FotoDvk/8/44897497-vsphi0720-sn.jpg
VSPHI0820;https://slava.su/image/catalog/LDuchen/FotoDvk/9/769855319-vsphi0820-sn.jpg
VSPHJ0820;https://slava.su/image/catalog/foto/151778310-vsphj0820-sn.jpg
VSPHK0120;https://slava.su/image/catalog/foto/88687881-vsphk0120-sn.jpg
VSPHK0220;https://slava.su/image/catalog/foto/301747336-vsphk0220-sn.jpg
VSPHK0320;https://slava.su/image/catalog/foto/187360956-vsphk0320-sn.jpg
VSPHK0420;https://slava.su/image/catalog/LDuchen/FotoDvk/9/772712130-vsphk0420-sn.jpg
VSPHK0620;https://slava.su/image/catalog/LDuchen/FotoDvk/0/768707713-vsphk0620-sn.jpg
VSPHK0720;https://slava.su/image/catalog/foto/53405437-vsphk0720-sn.jpg
VSPHK0820;https://slava.su/image/catalog/foto/887331975-vsphk0820-sn.jpg
VSPHK0920;https://slava.su/image/catalog/foto/448158942-vsphk0920-sn.jpg
VSPHK1020;https://slava.su/image/catalog/LDuchen/FotoDvk/4/801956944-vsphk1020-sn.jpg
VSPHK1320;https://slava.su/image/catalog/easyphoto/201376/42cde9bd-b399-4bfa-8de7-900883c5682d-png-1.png
VSPHL0120;https://slava.su/image/catalog/foto/902390527-vsphl0120-sn.jpg
VSPHL0220;https://slava.su/image/catalog/foto/604423237-vsphl0220-sn.jpg
VSPHL0320;https://slava.su/image/catalog/foto/181685839-vsphl0320-sn.jpg
VSPHL0420;https://slava.su/image/catalog/foto/838996203-vsphl0420-sn.jpg
VSPHL0520;https://slava.su/image/catalog/foto/904625834-vsphl0520-sn.jpg
VSPLH0419;https://slava.su/image/catalog/foto/986643814-vsplh0419-sn.jpg
VSPLH0619;https://slava.su/image/catalog/versace_01/VSPLH0619.jpg
VSPLH0819;https://slava.su/image/catalog/versace_01/VSPLH0819.jpg
VSPLK0119;https://slava.su/image/catalog/versace_01/VSPLK0119.jpg
VSPLK0219;https://slava.su/image/catalog/versace_01/VSPLK0219.jpg
VSPLK0319;https://slava.su/image/catalog/foto/530329789-vsplk0319-sn.jpg
VSPLK0619;https://slava.su/image/catalog/foto/402351563-vsplk0619-sn.jpg
VSPLK0819;https://slava.su/image/catalog/LDuchen/FotoDvk/6/762737550-vsplk0819-sn.jpg
VSPLK0919;https://slava.su/image/catalog/versace_01/VSPLK0919.jpg
VSPLK2019;https://slava.su/image/catalog/versace_01/VSPLK2019.jpg
VSPLN0319;https://slava.su/image/catalog/foto/528922702-vspln0319-sn.jpg
VSPLN0519;https://slava.su/image/catalog/foto/424841784-vspln0519-sn.jpg
VSPLN0619;https://slava.su/image/catalog/LDuchen/FotoDvk/5/807256897-vspln0619-sn.jpg
VSPLN0719;https://slava.su/image/catalog/foto/746048401-vspln0719-sn.jpg
